dimensions,start_gammaNs,end_gammaNs,optimum_gammaNs
1728,70,120,103.33333333333334
1760,70,120,103.33333333333334
