dimensions,start_time,end_time,max_fidelity,optimum_times
64,1,200,0.8655827461917667,18.0
96,1,200,0.8343542344856387,24.0
128,1,200,0.85569905109639,32.0
