dimensions,start_time,end_time,max_fidelity,optimum_times
64,1,200,0.857084126045477,20.0
96,1,200,0.8723015082063924,31.0
128,1,200,0.8945354900596969,35.0
