dimensions,start_time,end_time,max_fidelity,optimum_times
64,1,200,0.7998334744364981,14.0
96,1,200,0.8763144018716391,17.0
128,1,200,0.8317679787036167,21.0
