dimensions,start_time,end_time,max_fidelity,optimum_times
64,10,200,0.8483868039667409,11.005291005291005
96,10,200,0.8395060336967556,17.037037037037038
128,10,200,0.8806769826780316,19.047619047619047
