dimensions,start_time,end_time,max_fidelity,optimum_times
64,1,200,0.9839324846899768,13.0
96,1,200,0.9881583729917598,15.0
128,1,200,0.9870032405049822,18.0
