dimensions,start_time,end_time,max_fidelity,optimum_times
64,1,200,0.983932484689979,13.0
96,1,200,0.9881583729917585,15.0
128,1,200,0.9870032405049811,18.0
