dimensions,start_gammaNs,end_gammaNs,optimum_gammaNs
64,8,16,8.603015075376884
96,8,16,11.658291457286431
128,8,16,14.472361809045227
