dimensions,start_gammaNs,end_gammaNs,optimum_gammaNs
992,5,1000,862.7586206896551
1024,5,1000,862.7586206896551
