dimensions,start_time,end_time,max_fidelity,optimum_times
64,1,200,0.8491283214801931,20.0
96,1,200,0.8359967035418955,14.0
128,1,200,0.9029955729134943,15.0
