dimensions,start_time,end_time,max_fidelity,optimum_times
64,1,200,0.828039357242044,25.0
96,1,200,0.8389016894901898,32.0
128,1,200,0.8365204076151798,37.0
